{
  "subject_accuracy": 0.22535211267605634,
  "topic_accuracy": 0.04225352112676056,
  "difficulty_accuracy": 0.4225352112676056,
  "overall_accuracy": 0.2300469483568075,
  "test_samples": 71
}